Rank,Movie,ReleaseDate,Distributor,Genre,2022 Gross,Tickets Sold
10,Dreamland,Nicholas Sparks,Random House,9/20/22,,
1,Top Gun: Maverick,"May 27, 2022",Paramount Pictures,Action,"$715,755,567","78,054,042"
2,Doctor Strange in the Multi…,"May 6, 2022",Walt Disney,Action,"$411,331,607","44,856,227"
3,Jurassic World: Dominion,"Jun 10, 2022",Universal,Action,"$376,009,080","41,004,261"
4,The Batman,"Mar 4, 2022",Warner Bros.,Action,"$369,345,583","40,277,599"
5,Minions: The Rise of Gru,"Jul 1, 2022",Universal,Comedy,"$368,354,300","40,169,498"
6,Thor: Love and Thunder,"Jul 8, 2022",Walt Disney,Action,"$343,256,830","37,432,587"
7,Spider-Man: No Way Home,"Dec 17, 2021",Sony Pictures,Action,"$241,123,638","26,294,835"
8,Sonic the Hedgehog 2,"Apr 8, 2022",Paramount Pictures,Adventure,"$190,872,904","20,814,929"
9,Elvis,"Jun 24, 2022",Warner Bros.,Drama,"$151,040,048","16,471,106"
10,Uncharted,"Feb 18, 2022",Sony Pictures,Adventure,"$148,648,820","16,210,340"
11,Nope,"Jul 22, 2022",Universal,Horror,"$123,277,080","13,443,520"
12,Lightyear,"Jun 17, 2022",Walt Disney,Adventure,"$118,307,188","12,901,547"
13,The Lost City,"Mar 25, 2022",Paramount Pictures,Adventure,"$105,344,029","11,487,898"
14,Bullet Train,"Aug 5, 2022",Sony Pictures,Thriller/Suspense,"$103,096,865","11,242,842"
15,The Bad Guys,"Apr 22, 2022",Universal,Comedy,"$96,713,440","10,546,721"
16,Fantastic Beasts: The Secre…,"Apr 15, 2022",Warner Bros.,Adventure,"$95,850,844","10,452,654"
17,DC League of Super Pets,"Jul 29, 2022",Warner Bros.,Adventure,"$93,115,890","10,154,404"
18,Where the Crawdads Sing,"Jul 15, 2022",Sony Pictures,Drama,"$90,038,355","9,818,795"
19,The Black Phone,"Jun 24, 2022",Universal,Horror,"$89,887,230","9,802,315"
20,Sing 2,"Dec 22, 2021",Universal,Adventure,"$86,307,835","9,411,977"
21,Scream,"Jan 14, 2022",Paramount Pictures,Horror,"$81,641,405","8,903,097"
22,Morbius,"Apr 1, 2022",Sony Pictures,Action,"$73,793,072","8,047,227"
23,Smile,"Sep 30, 2022",Paramount Pictures,Horror,"$71,167,899","7,760,948"
24,Everything Everywhere All A…,"Mar 25, 2022",A24,Action,"$70,008,593","7,634,524"
25,Dog,"Feb 18, 2022",United Artists,Comedy,"$61,778,069","6,736,975"
26,The Woman King,"Sep 16, 2022",Sony Pictures,Action,"$59,746,217","6,515,399"
27,jackass forever,"Feb 4, 2022",Paramount Pictures,Reality,"$57,743,451","6,296,995"
28,Death on the Nile,"Feb 11, 2022",20th Century Studios,Drama,"$45,630,104","4,976,020"
29,Downton Abbey: A New Era,"May 20, 2022",Focus Features,Drama,"$43,896,550","4,786,973"
30,"Donât Worry, Darling","Sep 23, 2022",Warner Bros.,Thriller/Suspense,"$42,403,454","4,624,149"
31,Halloween Ends,"Oct 14, 2022",Universal,Horror,"$41,250,000","4,498,364"
32,Barbarian,"Sep 9, 2022",20th Century Studios,Horror,"$38,961,777","4,248,830"
33,The Northman,"Apr 22, 2022",Focus Features,Action,"$34,233,110","3,733,163"
34,Jujutsu Kaisen 0: The Movie,"Mar 18, 2022",FUNimation,Action,"$33,919,605","3,698,975"
35,The Bobâs Burgers Movie,"May 27, 2022",20th Century Studios,Comedy,"$31,933,830","3,482,424"
36,Beast,"Aug 19, 2022",Universal,Thriller/Suspense,"$31,846,530","3,472,904"
37,Dragon Ball Super: Super Hero,"Aug 19, 2022",Crunchyroll,Action,"$30,859,433","3,365,259"
38,Carnal Knowledge,"Jan 1, 1971",Avco Embassy,Drama,"$28,630,731","3,122,217"
39,The Invitation,"Aug 26, 2022",Sony Pictures,Horror,"$25,027,709","2,729,303"
40,Avatar,"Dec 18, 2009",20th Century Fox,Action,"$24,714,024","2,695,095"
41,"Lyle, Lyle, Crocodile","Oct 7, 2022",Sony Pictures,Musical,"$22,757,353","2,481,717"
42,Marry Me,"Feb 11, 2022",Universal,Romantic Comedy,"$22,438,180","2,446,911"
43,Ambulance,"Apr 8, 2022",Universal,Thriller/Suspense,"$22,309,115","2,432,836"
44,The Kingâs Man,"Dec 22, 2021",20th Century Studios,Action,"$20,917,649","2,281,095"
45,Father Stu,"Apr 13, 2022",Sony Pictures,Drama,"$20,740,439","2,261,770"
46,The Unbearable Weight of Ma…,"Apr 22, 2022",Lionsgate,Action,"$20,300,157","2,213,757"
47,Moonfall,"Feb 4, 2022",Lionsgate,Action,"$19,060,660","2,078,588"
48,Paws of Fury: The Legend of…,"Jul 15, 2022",Paramount Pictures,Adventure,"$17,811,382","1,942,353"
49,The 355,"Jan 7, 2022",Universal,Thriller/Suspense,"$14,570,455","1,588,926"
50,American Underdog: The Kurt…,"Dec 25, 2021",Lionsgate,Drama,"$14,301,214","1,559,565"
51,"RRR: Rise, Roar, Revolt","Mar 24, 2022",Sarigama Cinemas,Action,"$13,885,761","1,514,259"
52,Easter Sunday,"Aug 5, 2022",Universal,Comedy,"$13,013,690","1,419,159"
53,Jaws,"Jun 20, 1975",Universal,Horror,"$12,257,035","1,336,645"
54,Amsterdam,"Oct 7, 2022",20th Century Studios,Comedy,"$11,959,234","1,304,169"
55,X,"Mar 18, 2022",A24,Horror,"$11,769,469","1,283,475"
56,Bodies Bodies Bodies,"Aug 5, 2022",A24,Horror,"$11,446,602","1,248,266"
57,Licorice Pizza,"Nov 26, 2021",United Artists,Drama,"$10,935,116","1,192,488"
58,Bros,"Sep 30, 2022",Universal,Romantic Comedy,"$10,835,735","1,181,650"
59,Mrs. Harris Goes to Paris,"Jul 15, 2022",Focus Features,Drama,"$10,370,305","1,130,894"
60,West Side Story,"Dec 10, 2021",20th Century Studios,Musical,"$10,361,074","1,129,888"
61,Blacklight,"Feb 11, 2022",Briarcliff Entert…,Action,"$9,591,094","1,045,920"
62,Firestarter,"May 13, 2022",Universal,Horror,"$9,589,250","1,045,719"
63,The Matrix Resurrections,"Dec 22, 2021",Warner Bros.,Action,"$9,552,171","1,041,676"
64,See How They Run,"Sep 16, 2022",Searchlight Pictures,Comedy,"$9,311,420","1,015,422"
65,Pearl,"Sep 16, 2022",A24,Horror,"$9,235,005","1,007,088"
66,Redeeming Love,"Jan 21, 2022",Universal,Drama,"$9,214,020","1,004,800"
67,Three Thousand Years of Lon…,"Aug 26, 2022",United Artists,Drama,"$8,286,741","903,679"
68,Brahmastra Part 1: Shiva,"Sep 9, 2022",Fox Star India,Adventure,"$7,839,108","854,864"
69,Men,"May 20, 2022",A24,Horror,"$7,587,853","827,464"
70,Memory,"Apr 29, 2022",Open Road,Action,"$7,329,043","799,241"
71,Fall,"Aug 12, 2022",Lionsgate,Thriller/Suspense,"$7,240,521","789,587"
72,Ghostbusters: Afterlife,"Nov 19, 2021",Sony Pictures,Comedy,"$6,981,615","761,353"
73,BTS Permission to Dance on …,"Mar 12, 2022",Trafalgar Releasing,Concert/Perfor…,"$6,840,000","745,910"
74,K.G.F: Chapter 2,"Apr 14, 2022",Viva Entertainment,Action,"$6,604,562","720,235"
75,Marcel the Shell with Shoes On,"Jun 24, 2022",A24,Comedy,"$6,333,703","690,698"
76,Encanto,"Nov 24, 2021",Walt Disney,Adventure,"$5,465,293","595,997"
77,Orphan: First Kill,"Aug 19, 2022",Paramount Pictures,Horror,"$5,413,227","590,319"
78,Tucker: The Man and His Dream,"Aug 12, 1988",Paramount Pictures,Drama,"$5,253,342","572,883"
79,Lifemark,"Sep 9, 2022",Fathom Events,Drama,"$5,007,861","546,113"
80,Ponniyin Selvan: Part One,"Sep 30, 2022",Sarigama Cinemas,Action,"$4,918,000","536,314"
81,House of Gucci,"Nov 24, 2021",United Artists,Drama,"$4,786,047","521,924"
82,Mississippi Masala,"Feb 5, 1992",Goldwyn Entertain…,Drama,"$4,745,453","517,497"
83,The Cursed,"Feb 18, 2022",LD Entertainment,Horror,"$4,588,389","500,369"
84,ET: The Extra-Terrestrial,"Jun 11, 1982",Universal,Drama,"$4,301,665","469,101"
85,Vengeance,"Jul 29, 2022",Focus Features,Black Comedy,"$4,225,720","460,820"
86,Moonage Daydream,"Sep 16, 2022",Neon,Documentary,"$4,039,715","440,535"
87,Belle,"Jan 14, 2022",GKIDS,Adventure,"$4,018,313","438,202"
88,Family Camp,"May 13, 2022",Roadside Attractions,Comedy,"$3,973,263","433,289"
89,Cyrano,"Dec 17, 2021",United Artists,Musical,"$3,873,124","422,369"
90,Nightmare Alley,"Dec 17, 2021",Searchlight Pictures,Thriller/Suspense,"$3,757,964","409,810"
91,Laal Singh Chaddha,"Aug 11, 2022",Paramount Pictures,Drama,"$3,401,324","370,918"
92,The Outfit,"Mar 18, 2022",Focus Features,Drama,"$3,344,040","364,671"
93,Clerks III,"Sep 13, 2022",Fathom Events,Comedy,"$3,104,993","338,603"
94,The Worst Person in the World,"Feb 4, 2022",Neon,Comedy,"$3,034,775","330,946"
95,Breaking,"Aug 26, 2022",Bleecker Street,Thriller/Suspense,"$2,806,359","306,036"
96,Honk for Jesus. Save Your S…,"Sep 2, 2022",Focus Features,Comedy,"$2,561,270","279,309"
97,Mack & Rita,"Aug 12, 2022",Gravitas Ventures,Comedy,"$2,535,459","276,494"
98,Studio 666,"Feb 25, 2022",Open Road,Horror,"$2,513,963","274,150"
99,A Journal for Jordan,"Dec 10, 2021",Sony Pictures,Drama,"$2,494,113","271,986"
100,Crimes of the Future,"Jun 3, 2022",Neon,Horror,"$2,452,882","267,489"
101,Belfast,"Nov 12, 2021",Focus Features,Drama,"$2,364,945","257,900"
102,Terrifier 2,"Oct 6, 2022",Bloody Disgusting,Horror,"$2,295,000","250,272"
103,Gigi & Nate,"Sep 2, 2022",Roadside Attractions,Drama,"$2,275,523","248,148"
104,Parallel Mothers,"Dec 24, 2021",Sony Pictures Cla…,Drama,"$2,177,773","237,488"
105,Emily the Criminal,"Aug 12, 2022",Roadside Attractions,Thriller/Suspense,"$2,156,296","235,146"
106,The Wolf and the Lion,"Feb 4, 2022",Blue Fox Entertai…,Adventure,"$2,072,173","225,973"
107,Umma,"Mar 18, 2022",Sony Pictures,Horror,"$2,071,495","225,899"
108,Jeepers Creepers: Reborn,"Sep 19, 2022",Fathom Events,Horror,"$2,033,057","221,707"
109,Drive My Car,"Nov 24, 2021",Janus Films,Drama,"$2,023,519","220,667"
110,Watcher,"Jun 3, 2022",IFC Midnight,Thriller/Suspense,"$1,961,207","213,872"
111,Mr. Malcolmâs List,"Jul 1, 2022",Bleecker Street,Romantic Comedy,"$1,885,720","205,640"
112,The Good House,"Sep 30, 2022",Roadside Attractions,Comedy,"$1,838,532","200,494"
113,2022 Oscar Shorts,"Feb 25, 2022",ShortsHD,Multiple Genres,"$1,801,646","196,471"
114,Radhe Shyam,"Mar 11, 2022",Great India Films,Drama,"$1,800,000","196,292"
115,The Kingâs Daughter,"Jan 21, 2022",Gravitas Ventures,Adventure,"$1,747,263","190,541"
116,Infinite Storm,"Mar 25, 2022",Bleecker Street,Drama,"$1,600,542","174,541"
117,Jugjugg Jeeyo,"Jun 24, 2022",Moviegoers Entert…,Comedy,"$1,540,000","167,938"
118,The Duke,"Apr 22, 2022",Sony Pictures Cla…,Comedy,"$1,526,970","166,517"
119,Y Como Es El,"Apr 22, 2022",Pantelion Films,Comedy,"$1,500,636","163,646"
120,The Kashmir Files,"Mar 18, 2022",Zee Studios,Thriller/Suspense,"$1,485,000","161,941"
121,2000 Mules,"May 20, 2022",DâSouza Media,Documentary,"$1,465,512","159,815"
122,Running The Bases,"Sep 16, 2022",UP2U Films,Drama,"$1,445,996","157,687"
123,The Servant,"Mar 11, 2022",Rialto Pictures,Drama,"$1,417,550","154,585"
124,The Godfather,"Mar 15, 1972",Paramount Pictures,Drama,"$1,414,662","154,270"
125,Acharya,"Apr 28, 2022",Self Distributed,Action,"$1,412,000","153,980"
126,Medieval,"Sep 9, 2022",The Avenue Entert…,Action,"$1,374,325","149,871"
127,Rogue One: A Star Wars Story,"Dec 16, 2016",Walt Disney,Adventure,"$1,362,667","148,600"
128,Dune,"Oct 22, 2021",Warner Bros.,Action,"$1,151,687","125,592"
129,"Hallelujah: Leonard Cohen, …","Jul 1, 2022",Sony Pictures Cla…,Documentary,"$1,058,936","115,478"
130,The Contractor,"Apr 1, 2022",Paramount Pictures,Thriller/Suspense,"$1,035,265","112,896"
131,Fire of Love,"Jul 6, 2022",Neon,Documentary,"$1,007,610","109,881"
132,After Ever Happy,"Sep 7, 2022",Netflix,Drama,"$989,088","107,861"
133,The Beatles Get Back: The R…,"Jan 30, 2022",Walt Disney,Concert/Perfor…,"$976,712","106,511"
134,Venom: Let There be Carnage,"Oct 1, 2021",Sony Pictures,Action,"$941,330","102,653"
135,Twenty One Pilots: Cinema E…,"May 19, 2022",Trafalgar Releasing,Concert/Perfor…,"$875,000","95,419"
136,Hansan: Rising Dragon,"Jul 29, 2022",Well Go USA,Action,"$865,888","94,426"
137,The Tiger Rising,"Jan 21, 2022",The Avenue Entert…,Drama,"$835,162","91,075"
138,Petite maman,"Apr 22, 2022",Neon,Drama,"$829,065","90,410"
139,The Phantom of the Open,"Jun 3, 2022",Sony Pictures Cla…,Comedy,"$748,695","81,646"
140,Aline,"Nov 26, 2021",Roadside Attractions,Drama,"$667,815","72,826"
141,Triangle of Sadness,"Oct 7, 2022",Neon,Black Comedy,"$657,051","71,652"
142,Ante Sundaraniki,"Jun 9, 2022",Prime Media Pictures,Comedy,"$621,000","67,720"
143,The Roundup,"May 20, 2022",Capelight Pictures,Action,"$613,026","66,851"
144,Official Competition,"Jun 17, 2022",IFC Films,Comedy,"$593,926","64,768"
145,TÃR,"Oct 7, 2022",Focus Features,Drama,"$584,846","63,778"
146,Cuando Sea Joven,"Sep 23, 2022",Pantelion Films,Comedy,"$549,916","59,969"
147,Runway 34,"Apr 29, 2022",Yash Raj Films,Thriller/Suspense,"$549,624","59,937"
148,"Confess, Fletch","Sep 16, 2022",Paramount Pictures,Comedy,"$538,842","58,761"
149,Godâs Country,"Sep 16, 2022",IFC Films,Drama,"$492,903","53,751"
150,Deep in the Heart: A Texas …,"Jun 3, 2022",Fin and Fur Films,Documentary,"$480,240","52,370"
151,Brian and Charles,"Jun 17, 2022",Focus Features,Comedy,"$430,635","46,961"
152,Beast,"Apr 15, 2022",United Artists,Action,"$430,000","46,892"
153,Emergency Declaration,"Aug 12, 2022",Well Go USA,Thriller/Suspense,"$412,196","44,950"
154,Facing Nolan,"May 24, 2022",Utopia,Documentary,"$405,797","44,252"
155,King Richard,"Nov 19, 2021",Warner Bros.,Drama,"$399,007","43,512"
156,Superspreader,"Sep 29, 2022",Iconic Releasing,Documentary,"$398,300","43,435"
157,Tysonâs Run,"Mar 11, 2022",Collide Distribution,Drama,"$391,167","42,657"
158,Alice,"Mar 18, 2022",Roadside Attractions,Thriller/Suspense,"$373,037","40,680"
159,Selena,"Mar 21, 1997",Warner Bros.,Drama,"$360,000","39,258"
160,Inu-Oh,"Aug 12, 2022",GKIDS,Musical,"$351,558","38,337"
161,The Forgiven,"Jul 1, 2022",Roadside Attractions,Drama,"$340,222","37,101"
162,Red Rocket,"Dec 10, 2021",A24,Drama,"$330,406","36,031"
163,Mad God,"Jun 10, 2022",Shudder,Horror,"$322,619","35,182"
164,Clean,"Jan 28, 2022",IFC Films,Thriller/Suspense,"$318,877","34,773"
165,Waterman,"Apr 1, 2022",Purdie Distribution,Documentary,"$316,848","34,552"
166,The Deer King,"Jul 13, 2022",Fathom Events,Adventure,"$296,210","32,302"
167,Montana Story,"May 13, 2022",Bleecker Street,Drama,"$292,916","31,942"
168,Flee,"Dec 3, 2021",Neon,Documentary,"$283,487","30,914"
169,A Love Song,"Jul 29, 2022",Bleecker Street,Drama,"$278,889","30,413"
170,Mothering Sunday,"Mar 25, 2022",Sony Pictures Cla…,Drama,"$275,352","30,027"
171,Kaathu Vaakula Rendu Kadhal,"Apr 29, 2022",Hamsini,Romantic Comedy,"$270,000","29,443"
172,Gone in the Night,"Jul 15, 2022",Vertical Entertai…,Thriller/Suspense,"$266,466","29,058"
173,The Railway Children,"Sep 23, 2022",Blue Fox Entertai…,Adventure,"$265,000","28,898"
174,You Wonât Be Alone,"Apr 1, 2022",Focus Features,Horror,"$264,055","28,795"
175,The Automat,"Feb 18, 2022",A Slice of Pie Pr…,Documentary,"$255,453","27,857"
176,Till,"Oct 14, 2022",United Artists,Drama,"$240,940","26,274"
177,On the Come Up,"Sep 23, 2022",Paramount Pictures,Drama,"$236,153","25,752"
178,Who We Are: A Chronicle of …,"Jan 14, 2022",Sony Pictures Cla…,Documentary,"$234,298","25,550"
179,Sundown,"Jan 28, 2022",Bleecker Street,Thriller/Suspense,"$229,921","25,073"
180,Love in Kilnerry,"Apr 8, 2022",Archway Pictures,Romantic Comedy,"$213,101","23,238"
181,Compartment No. 6,"Jan 26, 2022",Sony Pictures Cla…,Drama,"$205,601","22,421"
182,The Silent Twins,"Sep 16, 2022",Focus Features,Drama,"$205,135","22,370"
183,Benediction,"May 27, 2022",Roadside Attractions,Drama,"$201,093","21,929"
184,Both Sides of the Blade,"Jul 8, 2022",IFC Films,Drama,"$201,047","21,924"
185,CatVideoFest 2022,"Jun 24, 2022",Oscilloscope Pict…,Documentary,"$196,768","21,457"
186,Neptune Frost,"Jun 3, 2022",Kino Lorber,Musical,"$188,081","20,510"
187,Inland Empire,"Dec 6, 2006",518 Media,Drama,"$186,470","20,334"
188,Too Cool to Kill,"Feb 18, 2022",Well Go USA,Comedy,"$185,882","20,270"
189,Dual,"Apr 15, 2022",RLJ Entertainment,Thriller/Suspense,"$185,212","20,197"
190,Hatching,"Apr 29, 2022",IFC Midnight,Horror,"$182,925","19,948"
191,Happening,"May 6, 2022",IFC Films,Drama,"$181,023","19,740"
192,UFC 273: Volkanovski vs. Th…,"Apr 9, 2022",Iconic Releasing,Concert/Perfor…,"$180,000","19,629"
193,Jazz Fest: A New Orleans Story,"May 13, 2022",Sony Pictures Cla…,Documentary,"$179,005","19,520"
194,Eternals,"Nov 5, 2021",Walt Disney,Action,"$175,832","19,174"
195,Alienoid,"Aug 26, 2022",Well Go USA,Action,"$168,309","18,354"
196,Virata Parvam,"Jun 17, 2022",,Thriller/Suspense,"$165,000","17,993"
197,Vortex,"Apr 29, 2022",Utopia,Drama,"$160,892","17,545"
198,Resurrection,"Jul 29, 2022",IFC Films,Thriller/Suspense,"$160,866","17,542"
199,The Conversation,"Apr 7, 1974",Paramount Pictures,Thriller/Suspense,"$154,909","16,893"
200,Hockeyland,"Sep 9, 2022",Greenwich,Documentary,"$151,292","16,498"
201,Hit the Road,"Apr 22, 2022",Kino Lorber,Drama,"$151,018","16,468"
202,"My Donkey, My Lover & I","Jul 22, 2022",Greenwich,Comedy,"$149,621","16,316"
203,The French Dispatch,"Oct 22, 2021",Searchlight Pictures,Comedy,"$147,605","16,096"
204,Firebird,"Apr 29, 2022",Roadside Attractions,Drama,"$144,118","15,716"
205,The Witch 2: The Other One,"Jun 17, 2022",Well Go USA,Horror,"$143,723","15,673"
206,The Killer,"Jul 13, 2022",Wide Lens Pictures,Action,"$134,716","14,690"
207,Gabby Giffords Wonât Back D…,"Jul 15, 2022",Briarcliff Entert…,Documentary,"$134,098","14,623"
208,Lost Illusions,"Jun 10, 2022",Music Box Films,Drama,"$126,391","13,783"
209,Gamestop: Rise of the Players,"Jan 28, 2022",Super LTD,Documentary,"$126,297","13,772"
210,Diva,"Mar 26, 1982",MGM,Thriller/Suspense,"$122,715","13,382"
211,The Storied Life of A.J. Fikry,"Oct 7, 2022",Vertical Entertai…,Romantic Comedy,"$121,000","13,195"
212,A Silent Voice,"Jan 31, 2019",Eleven Arts,Drama,"$120,250","13,113"
213,Pompo: The CinÃ©phile,"Apr 27, 2022",GKIDS,Comedy,"$120,119","13,099"
214,The Rose Maker,"Apr 1, 2022",Music Box Films,Comedy,"$119,160","12,994"
215,No Time to Die,"Oct 8, 2021",United Artists,Action,"$119,000","12,977"
216,Heropanti 2,"Apr 29, 2022",Viva Entertainment,Action,"$115,000","12,540"
217,Green Ghost & The Masters O…,"Apr 29, 2022",Gravitas Ventures,Action,"$113,687","12,397"
218,Pleasure,"May 13, 2022",Neon,Drama,"$106,789","11,645"
219,Jockey,"Dec 29, 2021",Sony Pictures Cla…,Drama,"$104,820","11,430"
220,My Old School,"Jul 22, 2022",Magnolia Pictures,Documentary,"$103,966","11,337"
221,I Love My Dad,"Aug 5, 2022",Magnolia Pictures,Comedy,"$101,508","11,069"
222,Weâre All Going to the Worl…,"Apr 15, 2022",Utopia,Horror,"$101,178","11,033"
223,Gold,"Mar 11, 2022",Screen Media Films,Thriller/Suspense,"$100,197","10,926"
224,The Velvet Queen,"Dec 22, 2021",Oscilloscope Pict…,Documentary,"$99,045","10,800"
225,Abandoned,"Jun 17, 2022",Vertical Entertai…,Horror,"$96,761","10,551"
226,Strawberry Mansion,"Feb 18, 2022",Music Box Films,Comedy,"$96,756","10,551"
227,Decision to Leave,"Oct 14, 2022",MUBI,Drama,"$90,729","9,894"
228,Three Minutes - A Lengthening,"Aug 19, 2022",Super LTD,Documentary,"$90,144","9,830"
229,"Goodbye, Don Glees!","Sep 16, 2022",GKIDS,Adventure,"$86,610","9,444"
230,UnFavorable Odds,"Sep 9, 2022",Atlas Distribution,Romantic Comedy,"$86,203","9,400"
231,All My Puny Sorrows,"Apr 15, 2022",Mongrel Media,Drama,"$84,735","9,240"
232,All My Friends Hate Me,"Mar 11, 2022",Super LTD,Comedy,"$80,405","8,768"
233,Butter,"Feb 25, 2022",Blue Fox Entertai…,Drama,"$78,450","8,555"
234,"Paris, 13th District","Apr 15, 2022",IFC Films,Drama,"$73,118","7,973"
235,Great Freedom,"Mar 4, 2022",MUBI,Drama,"$71,946","7,845"
236,The Territory,"Aug 19, 2022",National Geograph…,Documentary,"$69,316","7,558"
237,Maika: The Girl From Anothe…,"Jun 3, 2022",Well Go USA,Adventure,"$69,257","7,552"
238,Sharp Stick,"Jul 29, 2022",Utopia,Comedy,"$68,598","7,480"
239,The Discreet Charm of the B…,"May 12, 2000",,Comedy,"$67,999","7,415"
240,Freakscene â The Story of D…,"May 27, 2022",Utopia,Documentary,"$66,038","7,201"
241,Le temps des secrets,"Apr 1, 2022",Mongrel Media,Drama,"$64,248","7,006"
242,Apocalypse Now,"Aug 15, 1979",United Artists,Action,"$63,914","6,969"
243,Hold Me Tight,"Sep 9, 2022",Kino Lorber,Drama,"$61,942","6,754"
244,Summering,"Aug 12, 2022",Bleecker Street,Drama,"$57,770","6,299"
245,See For Me,"Jan 7, 2022",IFC Midnight,Thriller/Suspense,"$55,191","6,018"
246,On the Count of Three,"May 13, 2022",United Artists,Drama,"$54,515","5,944"
247,Ahedâs Knee,"Mar 18, 2022",Kino Lorber,Drama,"$52,702","5,747"
248,Memoria,"Apr 1, 2022",Neon,Drama,"$52,656","5,742"
249,Free Chol Soo Lee,"Aug 12, 2022",MUBI,Documentary,"$50,083","5,461"
250,Poly Styrene: I Am a ClichÃ©,"Feb 2, 2022",Utopia,Documentary,"$48,544","5,293"
251,Murina,"Jul 8, 2022",Kino Lorber,Drama,"$47,681","5,199"
252,Lux Aeterna,"May 6, 2022",Yellow Veil Pictures,Thriller/Suspense,"$47,039","5,129"
253,Give Me Five,"Sep 23, 2022",Well Go USA,Comedy,"$47,033","5,129"
254,After Yang,"Mar 4, 2022",A24,Drama,"$46,872","5,111"
255,Vesper,"Sep 30, 2022",IFC Films,Adventure,"$45,916","5,007"
256,You Are Not My Mother,"Mar 25, 2022",Magnet Releasing,Horror,"$45,040","4,911"
257,Take Me to the River: New O…,"Apr 22, 2022",360 Distribution,Documentary,"$43,563","4,750"
258,Ali and Ava,"Jul 29, 2022",Greenwich,Drama,"$43,358","4,728"
259,Anais in Love,"Apr 29, 2022",Magnolia Pictures,Comedy,"$42,941","4,682"
260,Poser,"Jun 3, 2022",Oscilloscope Pict…,Drama,"$42,179","4,599"
261,A Chiara,"May 27, 2022",Neon,Drama,"$41,925","4,571"
262,Loving Highsmith,"Sep 2, 2022",Zeitgeist,Multiple Genres,"$41,222","4,495"
263,Jane by Charlotte,"Mar 18, 2022",Utopia,Documentary,"$41,080","4,479"
264,Remembering Heaven,"May 6, 2022",Purdie Distribution,Documentary,"$40,907","4,460"
265,1982,"Jun 10, 2022",Tricycle Logic,Drama,"$39,286","4,284"
266,Anonymous Club,"Jul 15, 2022",Oscilloscope Pict…,Documentary,"$35,481","3,869"
267,Ted K,"Feb 18, 2022",Super LTD,Drama,"$35,464","3,867"
268,Catch the Fair One,"Feb 11, 2022",IFC Films,Thriller/Suspense,"$34,541","3,766"
269,The Sound of Violet,"Apr 29, 2022",Atlas Distribution,Drama,"$32,294","3,521"
270,"Riotsville, U.S.A.","Sep 16, 2022",Magnolia Pictures,Documentary,"$31,362","3,420"
271,Sparks: The Ken Sparks Story,"Jan 7, 2022",Double J Productions,Documentary,"$30,801","3,358"
272,Buried: The 1982 Alpine Mea…,"Sep 23, 2022",Greenwich,Documentary,"$30,310","3,305"
273,Nikamma,"Jun 17, 2022",Sony Pictures,Action,"$30,190","3,292"
274,Private Desert,"Aug 26, 2022",Kino Lorber,Drama,"$30,151","3,288"
275,Fortune Favors Lady Nikuko,"Jun 3, 2022",GKIDS,Adventure,"$29,823","3,252"
276,The African Desperate,"Sep 16, 2022",MUBI,Comedy,"$29,763","3,245"
277,Piggy,"Oct 7, 2022",Magnet Releasing,Horror,"$28,594","3,118"
278,Bitterbrush,"Jun 17, 2022",Magnolia Pictures,Documentary,"$28,099","3,064"
279,"Lingui, The Sacred Bonds","Feb 4, 2022",MUBI,Drama,"$27,553","3,004"
280,Casablanca Beats,"Sep 16, 2022",Kino Lorber,Drama,"$27,398","2,987"
281,The Innocents,"May 13, 2022",IFC Films,Horror,"$25,705","2,803"
282,Fabian: Going to the Dogs,"Feb 11, 2022",Kino Lorber,Drama,"$24,971","2,723"
283,Young Plato,"Sep 23, 2022",Soilsiu Films,Documentary,"$24,376","2,658"
284,Wolf Pack,"Sep 30, 2022",Well Go USA,Action,"$23,617","2,575"
285,Dreaming Walls: Inside the …,"Jul 8, 2022",Magnolia Pictures,Documentary,"$22,534","2,457"
286,Cow,"Apr 8, 2022",IFC Films,Documentary,"$22,504","2,454"
287,Brighton 4th,"Jan 28, 2022",Kino Lorber,Comedy,"$22,313","2,433"
288,Good Mourning,"May 20, 2022",Open Road,Comedy,"$21,348","2,328"
289,Mr. Klein,"Nov 6, 1977",Quartet Films,Drama,"$20,741","2,261"
290,Project Wolf Hunting,"Oct 7, 2022",Well Go USA,Thriller/Suspense,"$20,541","2,240"
291,Unplugging,"Apr 22, 2022",Vertical Entertai…,Comedy,"$20,500","2,235"
292,France,"Dec 10, 2021",Kino Lorber,Comedy,"$20,336","2,217"
293,Câmon Câmon,"Nov 19, 2021",A24,Drama,"$19,896","2,169"
294,Flux Gourmet,"Jun 24, 2022",IFC Midnight,Horror,"$19,222","2,096"
295,The Cherry Bushido,"Mar 11, 2022",Freestyle Releasing,Adventure,"$19,100","2,082"
296,Charlotte,"Apr 22, 2022",Good Deed Enterta…,Drama,"$18,520","2,019"
297,Benedetta,"Dec 3, 2021",IFC Films,Drama,"$18,431","2,009"
298,Lost Highway,"Feb 21, 1997",October Films,Thriller/Suspense,"$18,028","1,965"
299,The Scary of Sixty First,"Dec 3, 2021",Utopia,Horror,"$17,689","1,929"
300,Beba,"Jun 24, 2022",Neon,Documentary,"$16,254","1,772"
301,Slash/Back,"Jun 24, 2022",Mongrel Media,Thriller/Suspense,"$16,247","1,771"
302,Rite of the Shaman,"May 27, 2022",Purdie Distribution,Drama,"$16,221","1,768"
303,Hudaâs Salon,"Mar 4, 2022",IFC Films,Thriller/Suspense,"$16,128","1,758"
304,Claydream,"Aug 5, 2022",Oscilloscope Pict…,Documentary,"$16,093","1,754"
305,Wildhood,"Mar 11, 2022",Mongrel Media,Drama,"$15,998","1,744"
306,She Will,"Jul 15, 2022",IFC Midnight,Thriller/Suspense,"$15,011","1,636"
307,Bad Luck Banging or Loony Porn,"Nov 19, 2021",Magnolia Pictures,Comedy,"$14,576","1,589"
308,"Costa Brava, Lebanon","Jul 15, 2022",Kino Lorber,Drama,"$14,549","1,586"
309,Â¡Viva Maestro!,"Apr 8, 2022",Greenwich,Documentary,"$14,310","1,560"
310,Writing With Fire,"Nov 26, 2021",Music Box Films,Documentary,"$14,112","1,538"
311,Punch 9 for Harold Washington,"Sep 23, 2022",Tallgrass Films,Documentary,"$13,339","1,454"
312,The Tale of King Crab,"Apr 15, 2022",Oscilloscope Pict…,Drama,"$12,896","1,406"
313,Olga,"Jun 24, 2022",Kino Lorber,Drama,"$12,494","1,362"
314,The Wobblies,"Mar 18, 1981",First Run Features,Documentary,"$12,232","1,333"
315,Shortbus,"Oct 4, 2006",ThinkFilm,Comedy,"$12,205","1,330"
316,Clara Sola,"Jul 1, 2022",Oscilloscope Pict…,Drama,"$12,076","1,316"
317,Fire in the Mountains,"May 20, 2022",Kino Lorber,Drama,"$12,038","1,312"
318,Laleh Drive,"Mar 18, 2022",Integrity Releasing,Action,"$11,920","1,299"
319,Cat Daddies,"Oct 14, 2022",Gray Hat Productions,Documentary,"$11,500","1,254"
320,Medusa,"Jul 29, 2022",Music Box Films,Thriller/Suspense,"$11,098","1,210"
321,Pretty Problems,"Oct 7, 2022",IFC Films,Comedy,"$10,817","1,179"
322,Barbarians,"Apr 1, 2022",IFC Midnight,Thriller/Suspense,"$10,742","1,171"
323,Distant,"Mar 12, 2004",New Yorker,Drama,"$10,580","1,153"
324,Stunt Rock,"May 9, 1980",,Action,"$9,530","1,039"
325,The Torch,"Mar 18, 2022",IFC Films,Documentary,"$9,459","1,031"
326,Learn to Swim,"Mar 25, 2022",Mongrel Media,Drama,"$9,294","1,013"
327,Julia,"Nov 12, 2021",Sony Pictures Cla…,Documentary,"$9,246","1,008"
328,In Front of Your Face,"May 6, 2022",Cinema Guild,Drama,"$9,150",997
329,Sirens,"Sep 30, 2022",Oscilloscope Pict…,Documentary,"$8,950",976
330,About Fate,"Sep 9, 2022",United Artists,Romantic Comedy,"$8,688",947
331,Burial,"Sep 2, 2022",IFC Midnight,Thriller/Suspense,"$8,566",934
332,Almaâs Rainbow,"Jun 23, 1994",Xenon Pictures,Comedy,"$8,156",889
333,Hold Your Fire,"May 20, 2022",IFC Films,Documentary,"$7,502",818
334,Mau,"May 13, 2022",Greenwich,Documentary,"$7,500",817
335,Alter Ego,"Jan 14, 2022",Indican Pictures,Thriller/Suspense,"$7,390",805
336,Gossamer Folds,"Aug 12, 2022",Indican Pictures,Drama,"$7,113",775
337,Iâve Heard the Mermaids Sin…,"Mar 11, 2022",Kino Lorber,Comedy,"$6,840",745
338,Kamikaze Hearts,"Nov 30, 1986",Facets,Drama,"$6,669",727
339,Fiddlerâs Journey to the Bi…,"Apr 29, 2022",Zeitgeist,Documentary,"$6,318",688
340,"Hello, Bookstore","Apr 29, 2022",Greenwich,Documentary,"$6,000",654
341,Italian Studies,"Jan 14, 2022",Magnolia Pictures,Drama,"$5,895",642
342,A Taste of Hunger,"Jan 28, 2022",Magnolia Pictures,Drama,"$5,860",639
343,The Story of Film: A New Ge…,"Sep 9, 2022",Music Box Films,Documentary,"$5,778",630
344,A Banquet,"Feb 18, 2022",IFC Midnight,Thriller/Suspense,"$5,238",571
345,Saloum,"Sep 2, 2022",IFC Midnight,Thriller/Suspense,"$5,078",553
346,Mondocane,"May 20, 2022",Kino Lorber,Thriller/Suspense,"$4,927",537
347,The Gravedigger,"Mar 25, 2022",Indican Pictures,Horror,"$4,726",515
348,A Man of Integrity,"Jun 17, 2022",Big World Pictures,Drama,"$4,499",490
349,a-ha: The Movie,"Apr 8, 2022",Lightyear Enterta…,Documentary,"$4,258",464
350,Luzzu,"Oct 15, 2021",Kino Lorber,Drama,"$3,996",435
351,Carmen,"Sep 23, 2022",Good Deed Enterta…,Drama,"$3,927",428
352,The Novice,"Dec 17, 2021",IFC Films,Thriller/Suspense,"$3,802",414
353,Adventures in Success,"Mar 4, 2022",Utopia,Comedy,"$3,695",402
354,Last Flight Home,"Oct 7, 2022",MTV Documentary F…,Documentary,"$3,670",400
355,Into the Weeds,"May 20, 2022",Mongrel Media,Documentary,"$3,410",371
356,Carp-e Diem,"Sep 16, 2022",Indican Pictures,Comedy,"$3,364",366
357,Bloom Up: A Swinger Couple …,"Aug 12, 2022",Kino Lorber,Documentary,"$3,107",338
358,Highway One,"Aug 26, 2022",Indican Pictures,Drama,"$3,063",334
359,The Modern Way,"Sep 16, 2022",Indican Pictures,Drama,"$3,059",333
360,Apples,"Jun 24, 2022",Cohen Media Group,Comedy,"$2,934",319
361,Ultrasound,"Mar 11, 2022",Magnet Releasing,Thriller/Suspense,"$2,908",317
362,Golden Voices,"Oct 8, 2021",Music Box Films,Romantic Comedy,"$2,305",251
363,Stanleyville,"Apr 22, 2022",Oscilloscope Pict…,Comedy,"$2,137",233
364,Kill Devil Hills,"Jun 4, 2022",Sumbadhat Product…,Horror,"$2,022",220
365,BâTwixt Now and Sunrise,"Sep 30, 2022",Rialto Pictures,Horror,"$1,996",217
366,Rubikon,"Jul 1, 2022",IFC Midnight,Thriller/Suspense,"$1,843",200
367,Petite fille,"Sep 17, 2021",Music Box Films,Documentary,"$1,122",122
368,Veneciafrenia,"Aug 12, 2022",Sony Pictures,Adventure,"$1,006",109
369,Losing Ground,"Oct 7, 2022",Kino Lorber,Drama,"$1,006",109
370,Sniper: The White Raven,"Jul 1, 2022",Well Go USA,Drama,$881,96
371,Terror on the Prairie,"Aug 10, 2022",The Daily Wire,Western,$804,87
372,Sensational Short Films,"Sep 11, 2022",,Multiple Genres,$637,69
373,Found Wandering Lost,"Jan 27, 2022",Mutiny Pictures,Drama,$570,62
374,The Burning Sea,"Feb 25, 2022",Magnet Releasing,Action,$493,53
375,Indemnity,"Feb 11, 2022",Magnet Releasing,Action,$347,37
Total Gross of All Movies,"$5,862,714,928",,,,,
Total Tickets Sold,"639,336,226",,,,,
